Top queries,Clicks,Impressions,CTR,Position
your health now,160,813,19.68%,10.1
chiropractor near me,17,490,3.47%,10.24
christopher chianese,9,166,5.42%,4.69
dr chris chianese,6,649,0.92%,3.71
chris chianese,5,60,8.33%,2.98
chiropractor chalfont pa,4,1110,0.36%,9.08
dr lillee chianese,4,25,16%,3.04
functional kinesiology,3,716,0.42%,13.53
physicians grade,2,296,0.68%,6.61
chiropractor pennsauken nj,2,190,1.05%,7.97
chiropractor camden nj,2,53,3.77%,9.15
chiropractor that accepts medicaid near me,2,3,66.67%,10.67
chiropractor that does acupuncture near me,2,2,100%,3
dr chianese,1,279,0.36%,14.45
physician grade supplements,1,112,0.89%,10.87
your health,1,103,0.97%,2.39
chiropractors near me,1,60,1.67%,15.38
chiropractor merchantville nj,1,41,2.44%,4.27
yourhealth,1,36,2.78%,4.03
dot physical near me,1,20,5%,10.65
functional movement chiropractic,1,19,5.26%,41.21
chiropractor cherry hill,1,16,6.25%,15.19
functional medicine doctors near me,1,13,7.69%,16
kinesiologist,1,10,10%,5.1
chiropractic near me,1,10,10%,9.9
functional chiropractic,1,6,16.67%,6
webster certified chiropractor near me,1,6,16.67%,9
spinal decompression near me,1,4,25%,16
chiropractor and massage near me,1,2,50%,1.5
physicians vitamins,1,2,50%,4.5
child chiropractor near me,1,2,50%,10
chiropractor hiring near me,1,2,50%,10
integrative health near me,1,1,100%,1
nutritionist,1,1,100%,1
fullscript,1,1,100%,2
beste multivitamine man,1,1,100%,3
net chiropractic,1,1,100%,4
primary care chiropractic,1,1,100%,5
chiropractor medicaid,1,1,100%,10
nutritionists near me,1,1,100%,21
webster technique chiropractor in camden county,0,1010,0%,11.32
human kinesiology,0,896,0%,7
back pain relief merchantville,0,603,0%,6.03
shoulder pain relief merchantville,0,584,0%,4.61
neck pain relief merchantville,0,562,0%,6.28
webster technique chiropractor in burlington county,0,514,0%,8.74
webster technique chiropractor in south jersey,0,508,0%,17.12
percussion therapy,0,470,0%,42.7
physical therapist merchantville,0,469,0%,47.33
body kinesiology,0,442,0%,21.88
dot physicals nj,0,412,0%,90.5
chiropractor chalfont,0,407,0%,6.83
chiropractor for functional movement,0,400,0%,57.42
pharmaceutical grade supplements,0,351,0%,71.36
iastm therapy near me,0,329,0%,21.68
pediatric chiropractor chalfont,0,295,0%,6.25
pregnancy chiropractor chalfont,0,288,0%,4.64
best chiropractor pennsauken,0,285,0%,1.04
percussion therapy for soft tissues,0,284,0%,47.41
chiropractic posture analysis,0,269,0%,61.96
back pain chalfont,0,260,0%,20.23
sports injury relief merchantville,0,257,0%,16.28
physical therapy in chalfont pa,0,239,0%,70.17
sports chiropractor chalfont,0,230,0%,12.55
elbow sprain treatment central pa,0,230,0%,44.37
chalfont elder care,0,226,0%,60.44
lyme disease doctors in nj,0,225,0%,58.56
neck pain headaches nj,0,223,0%,79.16
physical therapy for elbow injuries in pa,0,212,0%,63.5
nj lyme disease doctor,0,211,0%,79.63
elbow pain treatment central pa,0,209,0%,48.42
integrative nutrition,0,198,0%,86.8
posture analysis services,0,185,0%,88.02
iastm passaic county nj,0,178,0%,40.03
geriatric chiropractic care,0,174,0%,86.7
physical therapy merchantville,0,160,0%,42.06
merchantville medical wellness center,0,156,0%,10.43
chalfont chiropractor,0,150,0%,7.57
pharmaceutical grade,0,147,0%,83.72
yhn,0,138,0%,45.72
practitioner grade supplements,0,129,0%,18.51
health now,0,125,0%,5.44
postural analysis specialist in indianapolis,0,125,0%,44.49
dr kenneth kasian,0,122,0%,12.33
elder care chalfont,0,111,0%,90.58
merchantville wellness center,0,103,0%,9.54
functional movement restoration,0,101,0%,8.16
your chiropractor,0,97,0%,10.13
well service chalfont,0,96,0%,56.54
chiropractor,0,95,0%,10.61
dr chris summa,0,95,0%,69.23
his health now,0,93,0%,8.02
merchantville pa,0,90,0%,10.28
percussion chiropractic,0,88,0%,79.27
physical therapy chalfont,0,87,0%,76.51
physical therapy in chalfont,0,87,0%,79.48
postural analysis,0,84,0%,64.39
chiropractor metuchen nj,0,84,0%,66.14
neck pain relief chalfont,0,82,0%,21.23
wellness coach merchantville,0,77,0%,9.86
knee pain relief merchantville,0,77,0%,14.27
webster technique chiropractor in moorestown,0,74,0%,18.01
webster chiropractic technique seminar,0,71,0%,58.72
geriatric chiropractic care merchantville nj,0,70,0%,14.73
middle back pain,0,68,0%,86.99
healthnow,0,67,0%,4.99
shoulder pain relief chalfont,0,67,0%,21.21
homecare chalfont,0,67,0%,95.27
pedodontist chalfont,0,64,0%,77.25
functional medicine training for chiropractic,0,64,0%,78.92
life changes merchantville,0,63,0%,4.1
life adjustment merchantville,0,63,0%,7.51
what are the advantages of doctor-formulated supplements?,0,60,0%,2.57
individual counseling merchantville,0,60,0%,39.8
iastm chiropractor,0,59,0%,69.51
physician-grade supplements,0,58,0%,8.59
merchantville nj pregnancy chiropractic care,0,58,0%,10.98
dot physical morrisville,0,58,0%,94.07
chiropractor with lifestyle coaching,0,57,0%,88.79
webster technique chiropractor in bucks county,0,56,0%,8.32
merchantville nj lower back pain treatment,0,56,0%,9.82
back pain relief chalfont,0,55,0%,23.38
webster technique near me,0,54,0%,12.83
webster technique chiropractor in mt laurel,0,54,0%,19.39
chiropractic care,0,53,0%,37.91
chiropractor in camden county,0,53,0%,53.43
pediatric chiropractic care chalfont pa,0,51,0%,13.43
aetna chiropractors near me,0,51,0%,26.02
pediatric chiropractic care merchantville nj,0,50,0%,13.3
site:http://yhnhealth.com,0,50,0%,21
kinesiology,0,49,0%,5.47
merchantville wellness,0,49,0%,8.57
life coach merchantville,0,49,0%,12.14
best chiropractor near me,0,48,0%,6.19
neck pain relief chestnut hill,0,48,0%,94.71
merchantville nj pediatric chiropractic care,0,47,0%,12.49
pregnancy chiropractic care chalfont pa,0,47,0%,13.36
chronic pain relief chalfont,0,47,0%,42.3
villanova chiropractor,0,47,0%,77.47
"dr. suhyun an, dc",0,47,0%,79.28
chiropractor in montgomery township,0,46,0%,1
merchantville nj family chiropractic care,0,45,0%,12.4
geriatric chiropractic care chalfont pa,0,45,0%,15.69
webster technique chiropractic seminar,0,45,0%,89.22
functional now,0,44,0%,15.86
pennsauken chiropractor,0,43,0%,10.93
merchantville nj geriatric chiropractic care,0,43,0%,12.79
webster technique chiropractor in mount laurel,0,43,0%,22.65
family chiropractic car merchantville nj,0,42,0%,13.17
healthpartners chiropractor,0,42,0%,42.67
webster technique,0,41,0%,1.63
chiropractic,0,41,0%,37.59
how is your health now,0,39,0%,9.87
lower back pain treatment chalfont pa,0,39,0%,19.31
chalfont pa pregnancy chiropractic care,0,38,0%,13.5
iastm certification for chiropractors,0,38,0%,29.42
iastm treatments in new carrollton,0,38,0%,50.26
pediatric chiropractor near me,0,37,0%,18.51
webster technique arlington heights,0,37,0%,75.59
center for chiropractic health,0,37,0%,77.73
pregnancy chiropractic care merchantville nj,0,36,0%,11.58
webster certified chiropractor,0,36,0%,16.19
webster technique rockford il,0,36,0%,61.94
lower back pain treatment merchantville nj,0,35,0%,3.29
her health now,0,35,0%,9.34
nj health now,0,34,0%,13.59
merchantville nj elbow pain treatment,0,33,0%,14.06
dot physical,0,33,0%,60.36
shoulder pain treatment merchantville nj,0,32,0%,2.72
functional medicine chiropractors,0,32,0%,57.41
chiropractor lumberton nj,0,32,0%,70.16
"suhyun an, dc",0,32,0%,77.19
weight loss tips 609651,0,31,0%,3.29
integrative nutrition services,0,31,0%,70.42
chiropractor that takes aetna,0,30,0%,42.57
nutritional supplements for physicians,0,29,0%,4.79
professional supplements and services for healthcare practitioners,0,29,0%,59.07
chalfont pa lower back pain treatment,0,28,0%,13.96
pregnancy chiropractor in camden county,0,28,0%,16.43
vibracussor therapy,0,28,0%,77.5
choose chiropractic care provider thehealthyprimate,0,27,0%,4.11
compression band therapy wharton nj,0,27,0%,6.52
consult yhn,0,27,0%,31.67
what is percussion therapy,0,27,0%,43.89
now health,0,26,0%,4.69
what does pharmaceutical grade mean,0,26,0%,69
chiropractic center,0,26,0%,78.31
pediatric chiropractor bergen square,0,25,0%,3.96
merchantville nj migraine treatment,0,25,0%,4.32
dr. chianese,0,25,0%,9.88
elbow chiropractor near me,0,25,0%,17.68
walk in chiropractor near me,0,25,0%,19.48
webster chiropractic,0,25,0%,32.2
local guide program,0,24,0%,1
merchantville medical center,0,24,0%,8.21
chalfont pa geriatric chiropractic care,0,24,0%,20.92
posture screen chiropractor,0,24,0%,94
elbow pain treatment merchantville nj,0,23,0%,3.74
human anatomy kinesiology,0,23,0%,4.83
integrativenutrition.com,0,23,0%,74.65
doctor recommended supplements,0,22,0%,2.41
chiro near me,0,22,0%,9.18
iastm treatments in fairwood,0,22,0%,50.45
active release technique seminar,0,22,0%,95.5
corrective chiropractors,0,21,0%,64.81
physician grade,0,20,0%,9.35
migraine treatment merchantville nj,0,20,0%,9.55
webster chiropractor,0,20,0%,24.55
lyme disease doctor pequannock nj,0,20,0%,28.5
webster technique chiropractor near me,0,20,0%,37.95
what is pharmaceutical grade,0,20,0%,79.5
ydhn,0,19,0%,8.05
find a chiropractor near me,0,19,0%,10.95
chiro,0,19,0%,12.11
pregnancy chiropractor near me,0,19,0%,13.89
kinesiology function,0,19,0%,20.79
chiropractic nutrition,0,19,0%,24.16
health in hand chiropractic,0,19,0%,45.84
cohn health institute,0,19,0%,63.58
pa chiropractic ce credits,0,19,0%,83.21
athlete chiropractor jackson township nj,0,19,0%,91.63
neck pain chiropractor in north wales,0,18,0%,1
kinesiology near me,0,18,0%,7.61
for health chiropractic,0,18,0%,11.17
iastm treatments in amberfield,0,18,0%,67.06
spinal center,0,18,0%,70.5
physiotherapy,0,18,0%,84.83
for your health,0,17,0%,1.12
chiropractic adjustment near me,0,17,0%,8.06
kinesiologist near me,0,17,0%,8.29
practitioner-grade dietary supplements,0,17,0%,15.59
chiropractic treatment,0,17,0%,35.47
lyme disease treatment freehold nj,0,17,0%,59.76
iastm treatments in crofton,0,17,0%,64
about you chiropractic,0,17,0%,64.71
percussion physical therapy in clifton nj,0,17,0%,67.41
wrist arthritis treatment neptune city nj,0,17,0%,84.47
chiropractor for back pain,0,16,0%,3.12
dr marc chianese,0,16,0%,3.25
module 5 general patient care,0,16,0%,7.5
chiropractor nutrition,0,16,0%,36
chiropractic adjustment in lansdale,0,16,0%,37.25
iastm treatments in charles village,0,16,0%,55
enliven functional medicine,0,16,0%,55.12
instrument-assisted soft tissue mobilization chiropractor,0,16,0%,70.38
chiropractic adjusting seminars 2021,0,16,0%,83.81
best chiropractor in maple shade,0,16,0%,86.62
chiropractic webster technique seminar,0,16,0%,88.31
dr marc christopher sing,0,15,0%,8.87
chiropractor near me within 5 mi,0,15,0%,11.87
functional posture,0,15,0%,13
chalfont chiropractic,0,15,0%,14
chalfont pa pediatric chiropractic care,0,15,0%,17.07
child chiropractor palus hook,0,15,0%,37.87
evon chiropractic,0,15,0%,48.47
health supplements for medical offices,0,14,0%,1.29
to your health,0,14,0%,1.43
hip pain treatment chalfont pa,0,14,0%,1.71
function health,0,14,0%,7.64
sports chiropractor near me,0,14,0%,15.86
chalfont pa elbow pain treatment,0,14,0%,16.93
wellness chiropractic,0,14,0%,29.29
lyme disease specialist nj,0,14,0%,45.64
functional appointment millstone nj,0,14,0%,53.86
iastm treatments in greenbelt,0,14,0%,90.07
wrist arthritis neptune city nj,0,14,0%,92.21
merchantville nj hip pain treatment,0,13,0%,3.31
functional nutrition near me,0,13,0%,4.08
best chiropractor,0,13,0%,9.92
"functional now, medical & health",0,13,0%,17.62
healthpartners chiropractic,0,13,0%,19.85
pediatric chiropractor,0,13,0%,28.08
here for you chiropractic,0,13,0%,31.31
chiropractic care in lansdale,0,13,0%,34.85
accents on health,0,13,0%,40.15
functional medicine telehealth,0,13,0%,46.38
all for your health,0,13,0%,50.62
iastm treatments in cherry hill,0,13,0%,52.77
dr greenlee dc,0,13,0%,57.92
integrative nutrition llc,0,13,0%,61.31
postural analysis fort lauderdale,0,13,0%,66
chalfont home care,0,13,0%,89.77
chiropractic adjustment,0,12,0%,1.08
hip pain treatment merchantville nj,0,12,0%,1.83
human body kinesiology,0,12,0%,2.75
honor your health,0,12,0%,3.67
migraine treatment chalfont pa,0,12,0%,20.83
dr marc chiropractor,0,12,0%,21.67
clinical grade supplement ingredients,0,12,0%,22.17
iastm therapy chiropractic,0,12,0%,25.83
chiropractic business consultant new jersey,0,12,0%,28.58
health horizons oakmont pa,0,12,0%,35.08
doctor of chiropractic,0,12,0%,39.75
chiropractor near me unitedhealthcare,0,12,0%,49.58
on-site chiropractic services,0,12,0%,58.92
"""mh sub i, llc dba imatrix"" ""sports chiropractic""",0,12,0%,62.25
my chiropractor,0,12,0%,64.25
iastm treatments in woodmore,0,12,0%,65.33
chiropractor metuchen,0,12,0%,65.83
health zone chiropractic,0,12,0%,82.42
pregnancy chiropractor cherry hill township nj,0,11,0%,1
walk in chiropractor,0,11,0%,1.45
prime md supplements reviews,0,11,0%,1.73
kinesiology skeleton,0,11,0%,2
elbow pain treatment chalfont pa,0,11,0%,10.91
chiropractic clinic,0,11,0%,11.55
family chiropractic car chalfont pa,0,11,0%,15.09
supplements for medical practices,0,11,0%,21.18
health horizons oakmont,0,11,0%,30.73
chiropractic wellness center,0,11,0%,32.27
chiropractor cherry hill nj,0,11,0%,32.73
chiropractic therapy,0,11,0%,34.45
y h n,0,11,0%,36
child chiropractor greenville yards,0,11,0%,47.36
my chiropractic,0,11,0%,52.55
iastm,0,11,0%,62.09
health partners chiropractors,0,11,0%,62.82
chirofitness,0,11,0%,77
nj chiropractic ceu credits,0,11,0%,87.55
chiropractor in north wales,0,10,0%,1
illumi health reviews consumer reports,0,10,0%,1
practitioner quality supplements,0,10,0%,1
chiropractor in camden,0,10,0%,2.9
best doctor supplements,0,10,0%,3.3
functional medicine,0,10,0%,6.5
care chiropractic,0,10,0%,9.1
movement restoration,0,10,0%,12.8
pediatric chiropractor greenville yards,0,10,0%,13.6
prenatal chiropractor near me,0,10,0%,14
dot physicals near me,0,10,0%,22.7
dr richard marzo,0,10,0%,47.5
health within chiropractic,0,10,0%,48.9
vizuri health,0,10,0%,55
berwyn chiropractic center,0,10,0%,58.6
healthwise chiropractic,0,10,0%,61.6
iastm treatments in baltimore peninsula,0,10,0%,63.3
quiropráctico cerca de mi,0,9,0%,4.89
best chairo soup near me,0,9,0%,5.56
merchantville medical wellness,0,9,0%,12.89
zarrillo chiropractic,0,9,0%,30.33
yhn login,0,9,0%,31.11
pediatric chiropractic,0,9,0%,38.78
ishitani health center,0,9,0%,41.89
dot physical webster,0,9,0%,59.78
core zone integrated medical & wellness,0,9,0%,65.44
gentle therapies,0,9,0%,78.11
chiropractic health center,0,9,0%,81.78
dot physical bensalem,0,9,0%,93.44
"""mh sub i, llc dba imatrix"" ""pediatric chiropractic""",0,9,0%,93.89
homecare chalfont pa,0,9,0%,96.33
chalfont at home care,0,8,0%,1
slipped disc haddonfield nj,0,8,0%,1
health supplements for doctor's office,0,8,0%,1.5
pregnancy chiropractor,0,8,0%,5.62
quiropractico,0,8,0%,6.88
chiropractor near me open now,0,8,0%,9.25
health supplements for medical practices,0,8,0%,10.75
merchantville nj knee pain treatment,0,8,0%,21.25
feelwell chiropractic,0,8,0%,22.25
practitioner-grade supplements,0,8,0%,23.88
highpoint health specialties,0,8,0%,52.25
what is iastm,0,8,0%,67.12
iastm treatments in lanham,0,8,0%,73
pain mid back,0,8,0%,83.88
ergonomic+equipment+new+jersey,0,8,0%,87.88
arthro spine,0,8,0%,90.12
inward stance in postural assessment,0,7,0%,1
supplement lines for medical practices,0,7,0%,1.29
doctor approved supplements,0,7,0%,2.43
functional nutrition haddonfield nj,0,7,0%,2.43
best vitamin brands recommended by doctors,0,7,0%,2.57
own your health,0,7,0%,3.57
healthonews.com,0,7,0%,7.57
shoulder pain treatment chalfont pa,0,7,0%,15.57
herniated disc treatment cherry hill nj,0,7,0%,21
dr marlissa fondechene,0,7,0%,32.86
pa kinesiology,0,7,0%,35.43
wellness one of south bergen,0,7,0%,44.57
heath matherne,0,7,0%,46.14
yourhealth.com,0,7,0%,47.86
dr anthony chianese camden,0,7,0%,56.29
y health,0,7,0%,58.57
yen chiropractic,0,7,0%,65.43
chiropractor lower back pain near me,0,7,0%,66.43
neck pain relief chadds ford,0,7,0%,74.29
geriatric chiropractic,0,7,0%,81.29
health by chiropractic,0,7,0%,86.86
neck pain georgetown township,0,7,0%,89.14
icpa webster certified,0,7,0%,93.57
chiropractor for athletes little falls nj,0,7,0%,94.29
body systems,0,6,0%,1
health supplements for hcps,0,6,0%,1.33
your health and wellness,0,6,0%,1.5
doctors preferred supplements,0,6,0%,1.67
supplement brands working with doctors,0,6,0%,2.5
pregnancy chiropractor in bucks county,0,6,0%,3.17
muscle testing near me,0,6,0%,3.67
knee pain treatment merchantville nj,0,6,0%,4.33
chiropractor cost,0,6,0%,5
"nvu weight loss llc, nutritionist, merchantville",0,6,0%,6.33
chiropractor camden,0,6,0%,6.83
the yhn,0,6,0%,7.67
yhn provider portal,0,6,0%,9
your chiropractic,0,6,0%,9.17
merchantville nj shoulder pain treatmet,0,6,0%,9.83
dr chris chiropractor,0,6,0%,10.5
pediatric chiropractor van leer,0,6,0%,12.5
functional medicine near me,0,6,0%,19
feelwell chiropractor,0,6,0%,24.5
pediatric chiropractor beacon,0,6,0%,37.33
pediatric chiropractic medford,0,6,0%,37.83
chalfont research institute,0,6,0%,42.17
the new you doctor,0,6,0%,42.83
lyme specialist nj,0,6,0%,43.17
functional medicine for pain relief speaker,0,6,0%,44.17
chiropractor conyngham pa,0,6,0%,47.5
muncy chiropractic center,0,6,0%,49.83
nutritionist near me,0,6,0%,55.33
iastm treatments in lansdowne,0,6,0%,66.83
best chiropractor little falls nj,0,6,0%,67.83
child chiropractor communipaw,0,6,0%,68.17
align your life,0,6,0%,86.17
personal care 08109,0,6,0%,93.67
health practitioner supplements,0,5,0%,1
practitioner strength supplements,0,5,0%,1
practitioner-recommended supplements,0,5,0%,1
pregnancy chiropractor cherry hill,0,5,0%,1
professional grade supplements,0,5,0%,1
"inhealthandbeauty.com in health and beauty – your home training and 
wellness hub",0,5,0%,2
240-622-8777,0,5,0%,3.6
dr martin supplements,0,5,0%,4
dr suneel dhand supplements,0,5,0%,4
healthow,0,5,0%,4.6
chiropractors,0,5,0%,7.8
applied kinesiology near me,0,5,0%,8.2
kinesiology therapy near me,0,5,0%,9
chiropractor now,0,5,0%,9.6
throatrician,0,5,0%,10
1relief,0,5,0%,16.4
chiropractor near me walk in,0,5,0%,17
dr nicholas carone,0,5,0%,17.8
dot physicals,0,5,0%,18.2
chalfont pa migraine treatment,0,5,0%,19
wrist pain treatment near me,0,5,0%,29
pediatric chiropractor our lady of mercy,0,5,0%,29.2
herniated disc doctor cherry hill,0,5,0%,33
chiropractic health and wellness,0,5,0%,34.2
postural analysis chiropractor,0,5,0%,37.6
sports chiropractor,0,5,0%,45
pediatric chiropractor mill creek,0,5,0%,46.2
new tripoli whole health,0,5,0%,55
pediatric chiropractor palus hook,0,5,0%,56.6
walk in chiropractor near me open today,0,5,0%,61.8
dr kesnold baptiste,0,5,0%,68.2
prescription grade,0,5,0%,74.8
doctor grader,0,5,0%,78.4
webster function,0,5,0%,85
elder care chalfont pa,0,5,0%,89.4
back pain relief new britain,0,4,0%,1
chiropractor for sciatica,0,4,0%,1
health care practitioner supplements,0,4,0%,1
primemd supplements reviews,0,4,0%,1
your healthcare,0,4,0%,1
physician vitamins,0,4,0%,1.75
prenatal chiropractor in bucks county,0,4,0%,2
which supplements are crafted by medical specialists?,0,4,0%,2
asian chiropractor near me,0,4,0%,5.5
yhn meaning,0,4,0%,7.25
where health now,0,4,0%,7.75
dr now,0,4,0%,8
chalfont pa family chiropractic care,0,4,0%,8.5
functional medicine practitioner near me,0,4,0%,10.5
female chiropractor near me,0,4,0%,11.25
site:townsquareinteractive.com,0,4,0%,11.25
chalfont pa shoulder pain treatment,0,4,0%,13
pinched nerve relief,0,4,0%,13.5
acupuncture near me,0,4,0%,13.75
geriatric chiropractor,0,4,0%,14
what is webster technique,0,4,0%,15
chiro now near me,0,4,0%,18.5
chalfont clinic,0,4,0%,19
wish chirosport,0,4,0%,19.75
physician health grades,0,4,0%,23.5
holistic chiropractor near me,0,4,0%,24.75
herniated disc treatment near me,0,4,0%,26
dorland chiropractic,0,4,0%,31.5
llmd nj,0,4,0%,32.5
personal injury chiropractor,0,4,0%,36
weight loss merchantville nj,0,4,0%,38.5
knee pain treatment chalfont pa,0,4,0%,39.75
healthzone chiropractic,0,4,0%,46.5
pediatric chiropractor new durham,0,4,0%,46.5
julie scarano dc,0,4,0%,48.5
iastm cpt code,0,4,0%,49
iastm treatments in clifton,0,4,0%,52.25
enos chiropractic center,0,4,0%,54
healthpath chiro,0,4,0%,55
functional ergonomics,0,4,0%,55.75
lyme disease doctor pompton plains nj,0,4,0%,56.5
iastm treatment in langley park,0,4,0%,58.25
iastm treatment in south laurel,0,4,0%,58.25
horizon nj health chiropractors,0,4,0%,67
chiropractors for lower back pain,0,4,0%,69
dr yu integrative chiropractic,0,4,0%,70.75
dr chiarello,0,4,0%,71
my chiropractic doctor,0,4,0%,72.5
dr chiarelli,0,4,0%,79.75
functional doctors in nj,0,4,0%,86.5
iastm chiropractor issaquah,0,4,0%,86.5
severe mid back pain,0,4,0%,90.5
pediatric chiropractor communipaw,0,4,0%,93
mid back ache,0,4,0%,93.75
chiropractor with affordable rates,0,4,0%,94.25
austin posture analysis chiropractor,0,4,0%,95
clinical supplement brands,0,3,0%,1
integrative functional medicine,0,3,0%,1
supplements lines for medical practices,0,3,0%,1
top supplement brands used by doctors,0,3,0%,1
"what are the benefits of taking a physician-formulated supplement for 
sexual health?",0,3,0%,1.67
physician formulated supplements,0,3,0%,2
yours in health,0,3,0%,2
youu health,0,3,0%,2
stem wave therapy near me,0,3,0%,3
vitamin dari dokter,0,3,0%,3
all be healthy llc,0,3,0%,3.33
chiropractors in my area,0,3,0%,3.33
your health chiropractic,0,3,0%,3.33
now health group,0,3,0%,4
sunlight wellness and recovery chalfont,0,3,0%,4.33
"""clinically supported"" supplement brand",0,3,0%,4.67
856-955-0530,0,3,0%,5
"nj health now, medical & health",0,3,0%,5.33
hows your health now,0,3,0%,5.67
chiropractors near me within 5 mi,0,3,0%,6
fatigue,0,3,0%,6
chiropractor.near me,0,3,0%,6.67
which health now,0,3,0%,7
health you,0,3,0%,7.67
chiropractic neurologist near me,0,3,0%,8
chiropractor near me nj,0,3,0%,8
how your health now,0,3,0%,8
marc sherman functional medicine practitioner,0,3,0%,8
dr. chris chiropractor,0,3,0%,8.33
vibra chiropractic,0,3,0%,8.33
ymcahealthcoach86531.onzeblog.com,0,3,0%,8.67
myhealth,0,3,0%,9
precision chiropractic,0,3,0%,9
doctor supplement,0,3,0%,9.33
what is the webster technique,0,3,0%,9.67
your chiropractor inc. company,0,3,0%,9.67
kinesology,0,3,0%,10
chestnut street chiropractic & wellness center,0,3,0%,12
dot exam,0,3,0%,13.33
quick medicine with drade,0,3,0%,13.67
yhn portal,0,3,0%,16.67
chiropractor kinesiology nj,0,3,0%,19.67
spinal decompression cherry hill nj,0,3,0%,21
whiplash treatment near me,0,3,0%,21
spinal decompression,0,3,0%,21.67
chiropractors cherry hill,0,3,0%,25
workmen compensation chiropractor near me,0,3,0%,25.67
cherry hill chiropractor,0,3,0%,26.67
"chiropractor camden, nj",0,3,0%,28.33
pediatric chiropractor washington village,0,3,0%,28.33
child chiropractor beacon,0,3,0%,30
pequannock chiropractic group,0,3,0%,30.67
"chiropractor near pennsauken, nj",0,3,0%,34.33
chiropractor tewantin,0,3,0%,35
"chiropractor near camden, nj",0,3,0%,36.33
webster technique clifton park,0,3,0%,38.67
zarrillo chiropractic center,0,3,0%,39
"camden, nj chiropractor",0,3,0%,41
chiropractic adjustment cherry hill,0,3,0%,41
infants and chiropractic,0,3,0%,41
international chiropractic pediatric association (icpa),0,3,0%,43
dr leez-betina petit,0,3,0%,44.33
dr marc zimmerman,0,3,0%,44.33
healthpartners chiropractors,0,3,0%,44.33
chirocare chiropractic associates,0,3,0%,45
i know my chiro,0,3,0%,46.67
kinesiology pa,0,3,0%,47.67
pediatric chiropractor pavonia,0,3,0%,48.33
"chiropractic neck adjustment pennsauken, nj",0,3,0%,49
cohen and haydu chiropractic,0,3,0%,50
vito pagano,0,3,0%,50.33
weight loss doctor merchantville nj,0,3,0%,50.67
chris chiropractor,0,3,0%,51.67
you center for health and wellness,0,3,0%,52
in & out chiropractic,0,3,0%,52.33
union medical llc,0,3,0%,54
health grade 6 module,0,3,0%,56.33
marlton chiropractor,0,3,0%,57
wyoming valley chiropractic,0,3,0%,58.67
pagano chiropractic center,0,3,0%,60
restoration companies chalfont,0,3,0%,63.33
chiropractor werribee,0,3,0%,64.67
best chiropractor in bucks county,0,3,0%,66.33
jochen wellness center,0,3,0%,67.33
posture screening little falls nj,0,3,0%,68
iastm treatments in west baltimore,0,3,0%,68.67
accent on health,0,3,0%,70
page chiropractic webster,0,3,0%,70
iastm treatments in shirlington,0,3,0%,72.33
chiropractic health,0,3,0%,73.33
chiropractic center berwyn pa,0,3,0%,74.33
middle spine pain,0,3,0%,74.67
back pain relief chadds ford,0,3,0%,75.33
chris summa md,0,3,0%,76.33
arthro medicine,0,3,0%,77.67
"chiropractic service camden, nj",0,3,0%,77.67
chiropractor little falls nj,0,3,0%,77.67
pharmaceutical grade meaning,0,3,0%,79
iastm treatments in prince william county,0,3,0%,79.67
iastm treatments in delaplane,0,3,0%,80.33
iastm treatment in russett,0,3,0%,83
maple shade chiropractors,0,3,0%,83
chiropractor free first visit near me,0,3,0%,83.33
chiropractors that take walk ins near me,0,3,0%,84.33
applied kinesiology nj,0,3,0%,86
lyme disease specialist new jersey,0,3,0%,88.33
chiropractors nj,0,3,0%,94.67
chiropractor in st. joseph,0,3,0%,95.33
chiropractor that accepts united healthcare near me,0,3,0%,95.33
bryn mawr chiropractic,0,3,0%,96.67
pharmaceutical grades,0,3,0%,96.67
middle back,0,3,0%,98
pharmaceutical grade definition,0,3,0%,98
back to health chiropractic,0,2,0%,1
certified functional medicine practitioner,0,2,0%,1
chiropractor adjustment near me,0,2,0%,1
chiropractor in hatfield,0,2,0%,1
dr lily chiropractor,0,2,0%,1
health supplements for doctors' office,0,2,0%,1
integrative medicine certification online,0,2,0%,1
is doctor recommended supplements a good brand,0,2,0%,1
mobile chiropractor near me,0,2,0%,1
movement,0,2,0%,1
nis practitioner near me,0,2,0%,1
physicians research supplements,0,2,0%,1
practitioner supplement brands,0,2,0%,1
pregnancy chiropractic care near me,0,2,0%,1
prenatal chiropractic cherry hill nj,0,2,0%,1
prescribed supplements,0,2,0%,1
pro adjuster chiropractors near me,0,2,0%,1
quiroprácticos cerca de mí,0,2,0%,1
specialty health supplements,0,2,0%,1
webster certified chiropractor meaning,0,2,0%,1
what are the function of the muscular system,0,2,0%,1
what is functional kinesiology,0,2,0%,1
what supplements do doctors take,0,2,0%,1
cpsc,0,2,0%,1.5
medical grade supplement brands,0,2,0%,1.5
my healthy,0,2,0%,1.5
one health,0,2,0%,1.5
chiropractic webster maneuver,0,2,0%,2
chiropractor and nutritionist,0,2,0%,2
sharp pain in spine middle back,0,2,0%,2
holistic doctor near me,0,2,0%,2.5
suneel dhand supplements,0,2,0%,2.5
your hea,0,2,0%,2.5
doctor best supplements,0,2,0%,3
chiropractor vagus nerve near me,0,2,0%,3.5
quiropractico cerca de mi en español,0,2,0%,3.5
art chiropractor near me,0,2,0%,4
chiropractor open near me,0,2,0%,4
chiro now,0,2,0%,4.5
herniated disc,0,2,0%,4.5
myspinedoc,0,2,0%,4.5
chiropractor for pregnancy near me,0,2,0%,5
dr josh redd supplements,0,2,0%,5
chiropractor in vietnamese,0,2,0%,5.5
low impact chiropractor,0,2,0%,5.5
ankle pain treatment merchantville nj,0,2,0%,6
decompression table,0,2,0%,6
dr hilary jones supplements,0,2,0%,6
hr&you,0,2,0%,6
soft wave therapy near me,0,2,0%,6
webster trained chiropractor,0,2,0%,6
your wellness and healing llc,0,2,0%,6
ymca-health-coach86431.blogpayz.com,0,2,0%,6.5
net therapy near me,0,2,0%,7
integrative medicine near me,0,2,0%,7.5
my health,0,2,0%,7.5
quiropráctico near me,0,2,0%,7.5
ymcahealthcoach98642.tusblogos.com,0,2,0%,7.5
chiropracter near me,0,2,0%,8
chiropractic urgent care,0,2,0%,8
top rated chiropractor near me,0,2,0%,8
pediatric chiropractor st. aedens,0,2,0%,8.5
percussion,0,2,0%,8.5
$60 dot physical near me,0,2,0%,9
your wellness now,0,2,0%,9
function health company,0,2,0%,9.5
jennifer pero,0,2,0%,9.5
orthopedic chiropractor near me,0,2,0%,9.5
about dr. marc calaunan,0,2,0%,10
best chiropractor near me within 5 mi,0,2,0%,10
chiropactor,0,2,0%,10
cianese,0,2,0%,10
dr now location,0,2,0%,10
functional medicine chiropractor,0,2,0%,10
nutricionista cerca de mí,0,2,0%,10
virtual chiropractor,0,2,0%,10
yoon chiropractic,0,2,0%,10
certified wellness practitioner,0,2,0%,10.5
chiropractors that do dot physicals,0,2,0%,10.5
dot chiropractor near me,0,2,0%,10.5
functional movement doctor,0,2,0%,10.5
baby chiropractor near me,0,2,0%,11
chiro shack,0,2,0%,11
pediatric chiropractor cherry hill township nj,0,2,0%,11
chiropractor near me open on sunday,0,2,0%,12
plant based doctors near me,0,2,0%,12
functional doctor near me,0,2,0%,13
chirosync,0,2,0%,14
dr mruz chiropractor,0,2,0%,14
baby chiropractor,0,2,0%,15
chiropractor with massage near me,0,2,0%,16
chianese group,0,2,0%,16.5
dr anthony calantoni,0,2,0%,18.5
chiropractor near me that takes medicaid,0,2,0%,19
chiropractic care cherry hill,0,2,0%,21
herniated disc treatment cherry hill township nj,0,2,0%,21
myerstown chiropractic wellness center,0,2,0%,21
pinched nerves treatment cherry hill nj,0,2,0%,21
lavanga chiropractic,0,2,0%,22.5
local chiropractors,0,2,0%,23
family chiropractor,0,2,0%,23.5
"chiropractic for children camden, nj",0,2,0%,26.5
weight loss doctor in merchantville nj,0,2,0%,28
merchantville nj post office,0,2,0%,30
chalfont pa ankle pain treatment,0,2,0%,31
thomas gallardo dc,0,2,0%,35
colonial valley chiropractic,0,2,0%,39.5
dr noah erickson,0,2,0%,40
nutrition near me,0,2,0%,40
mcninch chiropractic,0,2,0%,40.5
klingert family chiropractic center,0,2,0%,41
pediatric chiropractic care,0,2,0%,41
personal injury chiropractor cherry hill nj,0,2,0%,41
personal injury chiropractor near me,0,2,0%,41
spinal decompression harleysville pa,0,2,0%,41
chiropractor near me accepts medicare,0,2,0%,42
dot physicals robbinsville,0,2,0%,42
in 8 life,0,2,0%,43
"chiropractors pennsauken, nj",0,2,0%,44
acn wellness,0,2,0%,44.5
vizuri health center,0,2,0%,44.5
touchstone chiropractic,0,2,0%,45
physical therapy chalfont pa,0,2,0%,47
chiropractor near me accepts walk ins,0,2,0%,48.5
hallmark chiropractic,0,2,0%,48.5
new heights chiropractic & nutrition,0,2,0%,48.5
dr kelley mulhern,0,2,0%,50
restoration health & chiropractic,0,2,0%,52.5
sackett family chiropractic,0,2,0%,53
anden chiropractic,0,2,0%,53.5
elbow pain treatment near me,0,2,0%,53.5
elbow pain treatment nj,0,2,0%,53.5
"chiropractic camden, nj",0,2,0%,55
"chiropractors camden, nj",0,2,0%,57
chiropractic center for health,0,2,0%,57.5
pediatric chiropractor harborside,0,2,0%,57.5
health on main little falls nj,0,2,0%,58
iastm treatment in carriage hill,0,2,0%,58.5
scott bensky dc,0,2,0%,58.5
i love mondays back on the worksite,0,2,0%,59
chiropractors horsham,0,2,0%,59.5
iastm treatment in north laurel,0,2,0%,60
mid back pain symptoms,0,2,0%,60
enos chiropractic,0,2,0%,61
health one pa,0,2,0%,61
new you chiropractic,0,2,0%,61
sheehan natural health,0,2,0%,61
vibra therapy,0,2,0%,62
healthnow medical center,0,2,0%,63
middle back pain symptoms,0,2,0%,63.5
iastm treatments in silver spring,0,2,0%,64.5
chestnut hills chiropractic center,0,2,0%,65
corrective health services pa,0,2,0%,65.5
centre for chiropractic health,0,2,0%,66.5
healthcare for life llc,0,2,0%,68.5
iastm treatments in groveton,0,2,0%,68.5
chalfont family practice,0,2,0%,69
dr chris chiropractic,0,2,0%,69
mid back injury symptoms,0,2,0%,69.5
my chiropractor health and wellness center,0,2,0%,70
child care chalfont,0,2,0%,70.5
"dr. jade malay, dc",0,2,0%,72
hetrick center,0,2,0%,72
percussion health,0,2,0%,72.5
"chiropractic treatment camden, nj",0,2,0%,74.5
vizuri health sciences,0,2,0%,74.5
chiropractic practices,0,2,0%,76
dr. oh chiropractic & acupuncture,0,2,0%,76.5
art chiropractors,0,2,0%,77.5
ny chiropractor for ms,0,2,0%,79.5
webster chiropractors,0,2,0%,79.5
book chiropractor online near me,0,2,0%,80.5
"chiropractic care for kids camden, nj",0,2,0%,80.5
chiropractor for pediatrics in red bank nj,0,2,0%,81.5
iastm treatment in garret park,0,2,0%,81.5
dr christopher chiropractor,0,2,0%,82
severe middle back pain,0,2,0%,82.5
back pain symptoms middle,0,2,0%,84.5
chronic middle back pain,0,2,0%,85
north haledon neck pain chiropractor,0,2,0%,85
why choose professional-grade supplements,0,2,0%,86.5
cinch health,0,2,0%,87.5
mid back back pain,0,2,0%,90.5
"spinal decompression therapy pennsauken, nj",0,2,0%,93
chestnut neck nj,0,2,0%,94.5
iastm treatments in somerset,0,2,0%,94.5
iastm treatments in west port,0,2,0%,98.5
yoga studios chalfont,0,2,0%,98.5
mid back discomfort,0,2,0%,99.5
ergonomic assessment chiropractor,0,2,0%,103
+1 240-622-8777,0,1,0%,1
a chiropractor near me,0,1,0%,1
accredited functional medicine programs,0,1,0%,1
acid reflux chiropractor near me,0,1,0%,1
active release therapy near me,0,1,0%,1
art chiropractor,0,1,0%,1
art therapy massage,0,1,0%,1
best functional medicine certification programs online,0,1,0%,1
black owned chiropractor near me,0,1,0%,1
camden chiropractic,0,1,0%,1
chalfont pa knee pain treatment,0,1,0%,1
chieo,0,1,0%,1
chiropracter near ne,0,1,0%,1
chiropractic continuing education,0,1,0%,1
chiropractic massage near me,0,1,0%,1
chiropractic near,0,1,0%,1
chiropractic seminars,0,1,0%,1
chiropractic supply companies,0,1,0%,1
chiropractic training,0,1,0%,1
chiropractor united healthcare,0,1,0%,1
chiropractor webster technique near me,0,1,0%,1
chiropractor who accepts medicaid near me,0,1,0%,1
chiropractors near me chiropractors near me,0,1,0%,1
chris chiropractic,0,1,0%,1
chronic pain relief doylestown,0,1,0%,1
church street chiropractor,0,1,0%,1
clinical grade nad,0,1,0%,1
connective tissue therapy,0,1,0%,1
cpps massage,0,1,0%,1
decompression therapy,0,1,0%,1
doctor vitamins,0,1,0%,1
doctors preferred,0,1,0%,1
doctors who treat cirs near me,0,1,0%,1
document supplements,0,1,0%,1
dr alfred supplement,0,1,0%,1
dr bryan ardis supplements,0,1,0%,1
dr ford brewer supplements,0,1,0%,1
dr michael ruscio qualifications,0,1,0%,1
dr sue chiropractor,0,1,0%,1
drcarolyndean.com supplements,0,1,0%,1
eds chiropractor near me,0,1,0%,1
elevance health office locations,0,1,0%,1
ena reviews,0,1,0%,1
ennoble care locations,0,1,0%,1
epic healthcare,0,1,0%,1
fascia vibration,0,1,0%,1
fascial release,0,1,0%,1
fibroid vs fibrosis,0,1,0%,1
functional health practitioner,0,1,0%,1
functional integrative medicine,0,1,0%,1
functional med doc,0,1,0%,1
functional medicine certification,0,1,0%,1
functional medicine degree,0,1,0%,1
functional medicine doctor,0,1,0%,1
functional medicine doctor education requirements,0,1,0%,1
functional medicine nurse practitioner,0,1,0%,1
functional medicine practitioner,0,1,0%,1
functional medicine specialist,0,1,0%,1
functional medicine supplement brands,0,1,0%,1
functional neurology chiropractic near me,0,1,0%,1
functional practitioner,0,1,0%,1
functional psychiatry certification,0,1,0%,1
functional wellness llc,0,1,0%,1
head and body,0,1,0%,1
health and wellness chiropractic,0,1,0%,1
health care chiropractic,0,1,0%,1
health for you,0,1,0%,1
health now phone number,0,1,0%,1
health supplements for doctors office,0,1,0%,1
healthplex phone number,0,1,0%,1
healthwise chiropractor,0,1,0%,1
high grade supplements,0,1,0%,1
high level chiropractor,0,1,0%,1
how long does it take to recover from lymes disease,0,1,0%,1
how to become a functional medicine practitioner,0,1,0%,1
how to ripen cervix naturally before induction,0,1,0%,1
"i want a scientifically-backed supplement that is strongly recommended by 
doctors. in united states",0,1,0%,1
iastm tools,0,1,0%,1
in network chiropractor,0,1,0%,1
integrative health and functional medicine coach certification,0,1,0%,1
integrative health practitioner,0,1,0%,1
integrative kinesiology,0,1,0%,1
is pure supplements third party tested,0,1,0%,1
kinesiology chiropractor,0,1,0%,1
kinesiology treatment near me,0,1,0%,1
kinetic therapy,0,1,0%,1
local chiropractors near me,0,1,0%,1
low carb doctors near me,0,1,0%,1
lyme disease recovery stories,0,1,0%,1
lyme disease specialist near me,0,1,0%,1
lymphatic drainage explained,0,1,0%,1
mark cereceda,0,1,0%,1
md supplements,0,1,0%,1
medicaid chiropractors,0,1,0%,1
medicare chiropractic near me,0,1,0%,1
medicare chiropractor near me,0,1,0%,1
mobile chiropractor,0,1,0%,1
mobility,0,1,0%,1
multivitamins recommended by doctors,0,1,0%,1
muscle doctor,0,1,0%,1
my doctor now near me,0,1,0%,1
my dr now locations,0,1,0%,1
my health now,0,1,0%,1
mychiro,0,1,0%,1
nervous system chiropractor near me,0,1,0%,1
new health solutions,0,1,0%,1
noonan chiropractic,0,1,0%,1
nurse practitioner functional medicine,0,1,0%,1
nutrition and chiropractic,0,1,0%,1
optima health insurance reviews,0,1,0%,1
patienthealth,0,1,0%,1
percussive therapy,0,1,0%,1
physicians garden vitamins reviews,0,1,0%,1
pne medical abbreviation,0,1,0%,1
postural def,0,1,0%,1
posture check meaning,0,1,0%,1
ppsc certification,0,1,0%,1
practitioner only supplements,0,1,0%,1
premium supplements,0,1,0%,1
prenatal chiropractor in maple shade,0,1,0%,1
qnrt therapy near me,0,1,0%,1
reach wellness,0,1,0%,1
regain your health clinic,0,1,0%,1
root cause practitioner,0,1,0%,1
shadowing doctors near me,0,1,0%,1
spinal cord injury attorney,0,1,0%,1
supplements recommended by doctors,0,1,0%,1
the now,0,1,0%,1
the practice of health and wellness,0,1,0%,1
trauma release chiropractor near me,0,1,0%,1
types of kinesiology,0,1,0%,1
vibra finger,0,1,0%,1
vibrational therapy therared,0,1,0%,1
was he ever married?,0,1,0%,1
wellness doctor,0,1,0%,1
what are the best supplements with clinical-grade formulas?,0,1,0%,1
what companies offer wholesale supplements for clinics?,0,1,0%,1
what does yhn mean,0,1,0%,1
what does “clinical-grade” mean in supplements?,0,1,0%,1
what is biokinesiology,0,1,0%,1
what is webster certified chiropractor,0,1,0%,1
"what vitamins & supplements brands are known for earning strong doctor's 
recommendations? in united states",0,1,0%,1
whats a t body,0,1,0%,1
where to buy pharmaceutical grade supplements,0,1,0%,1
you health,0,1,0%,1
your health and wellness clinic,0,1,0%,1
your health clinic,0,1,0%,1
your health's care,0,1,0%,1
카이로프랙틱,0,1,0%,1
"""clinically supported element"" supplement",0,1,0%,2
"""clinically supported element"" supplement brand",0,1,0%,2
best women's multivitamin recommended by doctors,0,1,0%,2
chiro health photos,0,1,0%,2
chiropractor in independence,0,1,0%,2
chiropractor kinesiology,0,1,0%,2
chiropractor services,0,1,0%,2
doctors preferred vitamins,0,1,0%,2
dr now clinic,0,1,0%,2
dr pinkus supplements,0,1,0%,2
entree health,0,1,0%,2
evergrowth llc,0,1,0%,2
family focus chiropractic,0,1,0%,2
health now llc,0,1,0%,2
health vocabulary words,0,1,0%,2
healthcare-now,0,1,0%,2
healthfromwithin,0,1,0%,2
healthy now wellness,0,1,0%,2
horizon nj health chiropractor,0,1,0%,2
how old is he?,0,1,0%,2
ileocecal valve,0,1,0%,2
massage or chiropractor,0,1,0%,2
mid back pain pms,0,1,0%,2
moorwing health,0,1,0%,2
now chiro,0,1,0%,2
restoration health llc,0,1,0%,2
tmj doctor,0,1,0%,2
vitamin b6 bestellen,0,1,0%,2
webster chiropractic technique,0,1,0%,2
what is a functional chiropractor,0,1,0%,2
which liquid supplements are highly rated by health professionals?,0,1,0%,2
yourhealthandwellness,0,1,0%,2
adjust your health,0,1,0%,3
best practitioner-grade sytrinol supplement brands?,0,1,0%,3